ranking,potencial,prioridad,nombre,municipio,especialidad,web,telefono,movil_whatsapp,email,señales,fuentes,mensaje
1,5,Media,Clínica Dental Virgen del Valle,Almería,Dental,,,no,,"Horario L-V 9:30-13:30 y 17:00-21:00: cierra a mediodía y sin sábados (ficha de 2023, puede estar desactualizada)",https://masquemedicos.com/dentista_almeria/clinica-dental-virgen-del-valle/,"Hola, equipo de Clínica Dental Virgen del Valle. Una pregunta rápida: cuando recepción está ocupada y alguien llama sin que le cojan, ¿le escribís por WhatsApp para no perder la cita? Ayudamos a clínicas de Almería con una herramienta que lo hace sola a los pocos minutos y deja la solicitud lista para que recepción la confirme. ¿Os enseño una demo corta?"
2,5,Media,Clínica Dental Cleardent Almería,Almería,Dental,,950 681 301,no,,"Horario L-V desde las 10:00 (mañana y tarde): sin sábados (dato de directorio, por confirmar)",https://masquemedicos.com/dentista_almeria/clinica-dental-cleardent-almeria/,"Hola, equipo de Clínica Dental Cleardent. Una pregunta rápida: cuando recepción está ocupada y alguien llama sin que le cojan, ¿le escribís por WhatsApp para no perder la cita? Ayudamos a clínicas de Almería con una herramienta que lo hace sola a los pocos minutos y deja la solicitud lista para que recepción la confirme. ¿Os enseño una demo corta?"
3,4,Por verificar,Clínica Dental Fernández & Ayora,Almería,Dental,,678 499 634,sí (móvil),,Cliente ideal; sin señales comprobadas,https://masquemedicos.com/s/dentistas_almeria/curetaje/,
4,4,Por verificar,Vigea Medicina Estética Avanzada y Antiaging,Almería,Estética,,644 354 649,sí (móvil),,Cliente ideal; sin señales comprobadas,https://masquemedicos.com/medicina-estetica_almeria/vigea-medicina-estetica-avanzada-y-antiaging/mapa/,
5,3,Por verificar,Esteban de Haro Navarro (podología),Almería,Podología,,,?,,163 opiniones en Doctoralia (demanda); tamaño del equipo sin comprobar,https://www.doctoralia.es/oftalmologo/almeria/fiatc,
6,3,Por verificar,Clínica Podológica José María del Pino,Almería,Podología,,,?,,113 opiniones en Doctoralia (demanda); tamaño del equipo sin comprobar,https://www.doctoralia.es/tratamientos-servicios/analisis-de-la-marcha/almeria,
7,3,Por verificar,Clínica Dental Axis,Almería,Dental,clinicadentalaxis.es,950 239 311,no,,Cliente ideal; sin señales comprobadas,https://bti-biotechnologyinstitute.com/en/patients/recognized-centres/clinica-dental-axis,
8,3,Por verificar,Zamora Centro Odontológico,Almería,Dental,,950 260 356,no,,Cliente ideal; sin señales comprobadas,https://masquemedicos.com/dentista_almeria/zamora-centro-odontologico/,
9,3,Por verificar,Clínica Dental Abellán Mochón,Almería,Dental,,950 266 575,no,,Cliente ideal; sin señales comprobadas,https://masquemedicos.com/s/dentistas_almeria/curetaje/,
10,3,Por verificar,Almeridental Clínica Dental,Almería,Dental,,950 277 968,no,,Cliente ideal; sin señales comprobadas,https://masquemedicos.com/s/dentistas_almeria/curetaje/,
11,3,Por verificar,Clínica Dental Azcona,Almería,Dental,,,?,,"3,7 de media en atención al paciente con solo 3 opiniones; no hay queja del teléfono",https://masquemedicos.com/dentista_almeria/clinica-dental-azcona/,
12,2,Por verificar,Fisioterapia de Almería,Almería,Fisioterapia,,,?,,Más de 30 años y unos 25.000 pacientes según su ficha; sin reseñas,https://www.doctoralia.es/clinicas/fisioterapia-de-almeria-almeria,
